train_loss,lr-Adam,step,epoch
,0.001,0,
1.4689165353775024,,49,0
1.3872934579849243,,99,0
1.3960219621658325,,149,0
